source_model,eval_model,epsilon,success_rate
vgg16,resnet152,0.0625,0.06060606060606061
vgg16,resnet152,0.09375,0.09090909090909091
vgg16,vgg16,0.0625,0.3333333333333333
vgg16,vgg16,0.09375,0.3333333333333333
